{"cameraMode":{"drawMode":0,"name":"Shaded","section":"Shading Mode"},"sceneLighting":false,"audioPlay":false,"sceneViewState":{"showFog":true,"showMaterialUpdate":false,"showSkybox":true,"showFlares":true,"showImageEffects":true,"showParticleSystems":true},"in2DMode":false,"pivot":{"x":-7.152557373046875e-7,"y":0.7934907674789429,"z":-0.013248264789581299},"rotation":{"x":0.16821248829364777,"y":0.7655567526817322,"z":-0.22205498814582826,"w":0.5799301266670227},"size":1.8489351272583008,"orthographic":false}