{"cameraMode":{"drawMode":0,"name":"Shaded","section":"Shading Mode"},"sceneLighting":false,"audioPlay":false,"sceneViewState":{"showFog":true,"showMaterialUpdate":false,"showSkybox":true,"showFlares":true,"showImageEffects":true,"showParticleSystems":true},"in2DMode":false,"pivot":{"x":0.0,"y":1.1000001430511475,"z":0.2999999523162842},"rotation":{"x":0.2970450818538666,"y":0.2730480134487152,"z":-0.08906611055135727,"w":0.9106460809707642},"size":8.573661804199219,"orthographic":false}