{"cameraMode":{"drawMode":0,"name":"Shaded","section":"Shading Mode"},"sceneLighting":false,"audioPlay":false,"sceneViewState":{"showFog":true,"showMaterialUpdate":false,"showSkybox":true,"showFlares":true,"showImageEffects":true,"showParticleSystems":true},"in2DMode":false,"pivot":{"x":-0.0000016689300537109376,"y":-3.214214324951172,"z":0.0000013709068298339844},"rotation":{"x":0.29438117146492007,"y":0.0031628068536520006,"z":-0.0009742716210894287,"w":0.9556824564933777},"size":3.0820202827453615,"orthographic":false}