{"cameraMode":{"drawMode":0,"name":"Shaded","section":"Shading Mode"},"sceneLighting":false,"audioPlay":false,"sceneViewState":{"showFog":true,"showMaterialUpdate":false,"showSkybox":true,"showFlares":true,"showImageEffects":true,"showParticleSystems":true},"in2DMode":false,"pivot":{"x":18.348735809326173,"y":-2.531449556350708,"z":-3.2575085163116457},"rotation":{"x":0.29438117146492007,"y":0.0031628068536520006,"z":-0.0009742716210894287,"w":0.9556824564933777},"size":8.573660850524903,"orthographic":false}