{"cameraMode":{"drawMode":0,"name":"Shaded","section":"Shading Mode"},"sceneLighting":false,"audioPlay":false,"sceneViewState":{"showFog":true,"showMaterialUpdate":false,"showSkybox":true,"showFlares":true,"showImageEffects":true,"showParticleSystems":true},"in2DMode":false,"pivot":{"x":1852.1763916015625,"y":962.24853515625,"z":-0.3542633056640625},"rotation":{"x":0.15404415130615235,"y":0.04327162727713585,"z":-0.006752935238182545,"w":0.9870929718017578},"size":187.82044982910157,"orthographic":false}