{"cameraMode":{"drawMode":0,"name":"Shaded","section":"Shading Mode"},"sceneLighting":false,"audioPlay":false,"sceneViewState":{"showFog":true,"showMaterialUpdate":false,"showSkybox":true,"showFlares":true,"showImageEffects":true,"showParticleSystems":true},"in2DMode":false,"pivot":{"x":0.10584507882595062,"y":-2.269155740737915,"z":-0.9242581129074097},"rotation":{"x":0.1329268515110016,"y":-0.08432696014642716,"z":0.011351560242474079,"w":0.9874667525291443},"size":2.99005126953125,"orthographic":false}